	id_pokemon	nom_pokemon	taille	poids	points_de_vie_de_base	attaque_de_base	défense_de_base	attaque_spéciale_de_base	défense_spéciale_de_base	vitesse_de_base	type_pokemon
0	378	Regice	1.8 	175 	80	50	100	100	200	50	15
1	467	Maganon	1.6 	68 	75	95	67	125	95	83	10
2	660	Excavarenne	1 	42.4 	85	56	77	50	77	78	1
3	686	Sepiatop	0.4 	3.5 	53	54	53	37	46	45	17
4	376	Métalosse	1.6 	550 	80	135	130	95	90	70	14
5	544	Scobolide	1.2 	58.5 	40	55	99	40	79	47	4
6	647	Keldeo	1.4 	48.5 	91	72	90	129	90	108	11
7	689	Golgopathe	1.3 	96 	72	105	115	54	86	68	6
8	587	Emolga	0.4 	5 	55	75	60	75	60	103	13
9	143	Ronflex	2.1 	460 	160	110	65	65	110	30	1
10	282	Gardevoir	1.6 	48.4 	68	65	65	125	115	80	14
11	454	Coatox	1.3 	44.4 	83	106	65	86	65	85	2
12	377	Regirock	1.7 	230 	80	100	200	50	100	50	6
13	173	Mélo	0.3 	3 	50	25	28	45	55	15	18
14	200	Feuforêve	0.7 	1 	60	60	60	85	85	85	8
15	74	Racaillou	0.4 	20 	40	80	100	30	30	20	5
16	520	Colombeau	0.6 	15 	62	77	62	50	42	65	1
17	251	Celebi	0.6 	5 	100	100	100	100	100	100	12
18	778	Mimiqui	0.2 	0.7 	55	90	80	50	105	96	6
19	217	Ursaring	1.8 	125.8 	90	130	75	75	75	55	1
20	780	Draïeul	3 	185 	78	60	85	135	91	36	1
21	30	Nidorina	0.8 	20 	70	62	67	55	55	56	4
22	744	Rocabot	0.5 	9.2 	45	65	40	30	40	60	6
23	435	Mouflair	1 	38 	103	93	67	71	61	84	17
24	422	Sancoki	0.3 	6.3 	76	48	48	57	62	34	11
25	701	Brutalibré	0.8 	21.5 	78	92	75	74	63	118	3
26	41	Nosferapti	0.8 	7.5 	40	45	35	30	40	55	4
27	276	Nirondelle	0.3 	2.3 	40	55	30	30	30	85	3
28	557	Crabicoque	0.3 	14.5 	50	65	85	35	35	55	7
29	374	Terhal	0.6 	95.2 	40	55	80	35	60	30	9
30	714	Sonistrelle	0.5 	8 	40	30	35	45	40	55	3
31	565	Mégapagos	1.2 	81 	74	108	133	83	65	32	11
32	221	Cohignon	1.1 	55.8 	100	100	80	60	60	50	15
33	204	Pomdepik	0.6 	7.2 	50	65	90	35	35	15	7
34	171	Lanturn	1.2 	22.5 	125	58	58	76	76	67	13
35	328	Karknoix	0.7 	15 	45	100	45	45	45	10	5
36	127	Scarabrute	1.5 	55 	65	125	100	55	70	85	7
37	277	Hélédelle	0.7 	19.8 	60	85	60	50	50	125	3
38	476	Tarinorme	1.4 	340 	60	55	145	75	150	40	6
39	410	Dinoclier	0.5 	57 	30	42	118	42	88	30	9
40	187	Granivol	0.4 	0.5 	35	35	40	35	55	50	3
41	542	Manternel	1.2 	20.5 	75	103	80	70	80	92	7
42	472	Scorvol	2 	42.5 	75	95	125	45	75	95	5
43	271	Lombre	1.2 	32.5 	60	50	50	60	70	50	11
44	562	Tutafeh	0.5 	1.5 	38	30	85	55	65	30	8
45	87	Lamantine	1.7 	120 	90	70	80	70	95	70	11
46	615	Hexagel	1.1 	148 	70	50	30	95	135	105	15
47	18	Roucarnage	1.5 	39.5 	83	80	75	70	70	101	1
48	737	Chrysapile	0.5 	10.5 	57	82	95	55	75	36	7
49	577	Nucléos	0.3 	1 	45	30	40	105	50	20	14
50	132	Métamorph	0.3 	4 	48	48	48	48	48	48	1
51	167	Mimigal	0.5 	8.5 	40	60	40	40	40	30	4
52	313	Muciole	0.7 	17.7 	65	73	55	47	75	85	7
53	720	Hoopa	0.5 	9 	80	110	60	150	130	70	8
54	73	Tentacruel	1.6 	55 	80	70	65	80	120	100	11
55	160	Aligatueur	2.3 	88.8 	85	105	100	79	83	78	11
56	387	Toripouss	0.4 	10.2 	55	68	64	45	55	31	12
57	225	Cadoizo	0.9 	16 	45	55	45	65	45	75	3
59	644	Zekrom	2.9 	345 	100	150	120	120	100	90	16
60	100	Voltorbe	0.5 	10.4 	40	30	50	55	55	100	13
61	776	Boumata	2 	212 	60	78	135	91	85	36	16
62	653	Feunnec	0.4 	9.4 	40	45	40	62	60	60	10
63	768	Sarmuraï	2 	108 	75	125	140	60	90	40	7
64	133	Évoli	0.3 	6.5 	55	55	50	45	65	55	1
65	281	Kirlia	0.8 	20.2 	38	35	35	65	55	50	18
66	342	Colhomard	1.1 	32.8 	63	120	85	90	55	55	17
67	709	Desséliande	1.5 	71 	85	110	76	65	82	56	12
68	682	Fluvetin	0.2 	0.5 	78	52	60	63	65	23	18
69	228	Malosse	0.6 	10.8 	45	60	30	80	50	65	10
70	440	Ptiravi	0.6 	24.4 	100	5	5	15	65	30	1
71	473	Mammochon	2.5 	291 	110	130	80	70	60	80	5
72	247	Ymphect	1.2 	152 	70	84	70	65	70	51	5
73	437	Archéodong	1.3 	187 	67	89	116	79	116	33	14
74	793	Zéroïd	1.2 	55.5 	109	53	47	127	131	103	6
75	475	Gallame	1.6 	52 	68	125	65	65	115	80	2
76	8	Carabaffe	1 	22.5 	59	63	80	65	80	58	11
77	799	Engloutyran	5.5 	888 	223	101	53	97	53	43	16
78	390	Ouisticram	0.5 	6.2 	44	58	44	58	44	61	10
79	400	Castorno	1 	31.5 	79	85	60	55	60	71	1
80	196	Mentali	0.9 	26.5 	65	65	60	130	95	110	14
81	249	Lugia	5.2 	216 	106	90	130	90	154	110	3
82	152	Germignon	0.9 	6.4 	45	49	65	49	65	45	12
83	638	Cobaltium	2.1 	250 	91	90	129	90	72	108	9
84	207	Scorplane	1.1 	64.8 	65	75	105	35	65	85	5
85	436	Archéomire	0.5 	60.5 	57	24	86	24	86	23	9
86	246	Embrylex	0.6 	72 	50	64	50	45	50	41	5
87	142	Ptéra	1.8 	59 	80	105	65	60	75	130	6
88	135	Voltali	0.8 	24.5 	65	65	60	110	95	130	13
89	182	Joliflor	0.4 	5.8 	75	80	95	90	100	50	12
90	603	Lampéroie	1.2 	22 	65	85	70	75	70	40	13
91	731	Picassaut	0.3 	1.2 	35	75	30	30	30	65	3
92	164	Noarfang	1.6 	40.8 	100	50	50	76	96	70	1
93	183	Marill	0.4 	8.5 	70	20	50	20	50	40	18
94	685	Cupcanaille	0.8 	5 	82	80	86	85	75	72	18
95	421	Ceriflor	0.5 	9.3 	70	60	70	87	78	85	12
96	683	Cocotine	0.8 	15.5 	101	72	72	99	89	29	18
97	785	Tokorico	1.8 	20.5 	70	115	85	95	75	130	18
98	89	Grotadmorv	1.2 	30 	105	105	75	65	100	50	4
99	6	Dracaufeu	1.7 	90.5 	78	84	78	109	85	100	10
100	585	Vivaldaim	0.6 	19.5 	60	60	50	40	50	75	12
101	261	Medhyèna	0.5 	13.6 	35	55	35	30	30	35	17
102	121	Staross	1.1 	80 	60	75	85	100	85	115	11
103	278	Goélise	0.6 	9.5 	40	30	30	55	30	85	11
105	34	Nidoking	1.4 	62 	81	102	77	85	75	85	4
106	499	Grotichon	1 	55.5 	90	93	55	70	55	55	2
108	316	Gloupti	0.4 	10.3 	70	43	53	43	53	40	4
109	115	Kangourex	2.2 	80 	105	95	80	40	80	90	1
110	537	Crapustule	1.5 	62 	105	95	75	85	75	74	11
111	165	Coxy	1 	10.8 	40	20	30	40	80	55	3
112	333	Tylton	0.4 	1.2 	45	40	60	40	75	50	1
113	618	Limonde	0.7 	11 	109	66	84	81	99	32	13
114	203	Girafarig	1.5 	41.5 	70	80	65	90	65	85	1
115	434	Moufouette	0.4 	19.2 	63	63	47	41	41	74	17
116	80	Flagadoss	1.6 	78.5 	95	75	110	100	80	30	14
117	413	Cheniselle	0.5 	6.5 	60	59	85	79	105	36	12
119	616	Escargaume	0.4 	7.7 	50	40	85	40	65	25	7
120	600	Clic	0.6 	51 	60	80	95	70	85	50	9
121	666	Prismillon	1.2 	17 	80	52	50	90	50	89	3
122	667	Hélionceau	0.6 	13.5 	62	50	58	73	54	72	10
124	460	Blizzaroi	2.2 	135.5 	90	92	75	92	85	60	12
125	756	Lampignon	1 	11.5 	60	45	80	90	100	30	6
126	330	Libégon	2 	82 	80	100	80	80	80	100	16
127	593	Moyade	2.2 	135 	100	60	70	85	105	60	8
128	368	Rosabyss	1.8 	22.6 	55	84	105	114	75	52	11
129	662	Braisillon	0.7 	16 	62	73	55	56	52	84	10
130	482	Créfadet	0.3 	0.3 	75	125	70	125	70	115	14
131	57	Colossinge	1 	32 	65	105	60	60	70	95	2
132	384	Rayquaza	7 	206.5 	105	150	90	150	90	95	16
133	586	Haydaim	1.9 	92.5 	80	100	70	60	70	95	12
134	559	Baggiguane	0.6 	11.8 	50	75	70	35	70	48	17
136	554	Darumarond	0.6 	37.5 	70	90	45	15	45	50	10
137	51	Triopiqueur	0.7 	33.3 	35	80	50	50	70	120	5
138	672	Cabriolaine	0.9 	31 	66	65	48	62	57	52	12
139	307	Méditikka	0.6 	11.2 	30	40	55	40	55	60	2
140	136	Pyroli	0.9 	25 	65	130	60	95	110	65	10
141	538	Judokrak	1.3 	55.5 	120	100	85	30	85	45	2
142	622	Gringolem	1 	92 	59	74	50	35	50	35	5
144	431	Chaglam	0.5 	3.9 	49	55	42	42	37	85	1
145	283	Arakdo	0.5 	1.7 	40	30	32	50	52	65	11
146	597	Grindur	0.6 	18.8 	44	50	91	24	86	10	12
147	571	Zoroark	1.6 	81.1 	60	105	60	120	60	105	17
148	726	Matoufeu	0.7 	25 	65	85	50	80	50	90	18
149	602	Anchwatt	0.2 	0.3 	35	55	40	45	40	60	13
150	764	Guérilande	0.1 	0.3 	51	52	90	82	110	100	6
151	510	Léopardus	1.1 	37.5 	64	88	50	88	50	106	17
152	767	Sovkipou	0.5 	12 	25	35	40	20	30	80	7
153	219	Volcaropod	0.8 	55 	50	50	120	80	80	30	6
154	303	Mysdibule	0.6 	11.5 	50	85	85	55	55	50	18
155	567	Aéroptéryx	1.4 	32 	75	140	65	112	65	110	3
156	263	Zigzaton	0.4 	17.5 	38	30	41	30	41	60	1
157	69	Chétiflor	0.7 	4 	50	75	35	70	30	40	4
158	363	Obalie	0.8 	39.5 	70	40	50	55	50	25	15
159	794	Mouscoto	2.4 	333.6 	107	139	139	53	53	79	7
160	370	Lovdisc	0.6 	8.7 	43	30	55	40	65	97	11
161	275	Tengalice	1.3 	59.6 	90	100	60	90	60	80	17
162	215	Farfuret	0.9 	28 	55	95	55	35	75	115	15
163	449	Hippopotas	0.8 	49.5 	68	72	78	38	42	32	5
164	304	Galekid	0.4 	60 	50	70	100	40	40	30	9
165	650	Marisson	0.4 	9 	56	61	65	48	45	38	12
166	527	Chovsourir	0.4 	2.1 	55	45	43	55	43	72	3
167	372	Drackhaus	1.1 	110.5 	65	95	100	60	50	50	16
168	730	Oratoria	1.8 	44 	80	74	74	126	116	60	6
169	184	Azumarill	0.8 	28.5 	100	50	80	60	80	50	11
170	673	Chevroum	1.7 	91 	123	100	62	97	81	68	12
172	211	Qwilfish	0.5 	3.9 	65	95	75	55	55	85	4
173	284	Maskadra	0.8 	3.6 	70	60	62	80	82	60	3
174	760	Chelours	2.1 	135 	120	125	80	55	60	60	2
175	113	Leveinard	1.1 	34.6 	250	5	5	35	105	50	1
176	536	Batracné	0.8 	17 	75	65	55	65	55	69	5
177	459	Blizzi	1 	50.5 	60	62	50	62	60	40	12
178	191	Tournegrin	0.3 	1.8 	30	30	30	30	30	30	12
179	81	Magnéti	0.3 	6 	25	35	70	95	55	45	13
182	769	Bacabouh	0.5 	70 	55	55	80	70	45	15	8
183	446	Goinfrex	0.6 	105 	135	85	40	40	85	5	1
184	317	Avaltout	1.7 	80 	100	73	83	73	83	55	4
185	545	Butrapode	2.5 	200.5 	60	100	89	55	69	112	4
186	395	Pingoléon	1.7 	84.5 	84	86	88	111	101	60	11
187	721	Volcanion	1.7 	195 	80	110	120	130	90	70	11
188	651	Boguérisse	0.7 	29 	61	78	95	56	58	57	12
189	777	Togedemaru	0.3 	3.3 	65	98	63	40	73	96	13
190	420	Ceribou	0.4 	3.3 	45	35	45	62	53	35	12
191	564	Carapagos	0.7 	16.5 	54	78	103	53	45	22	11
192	70	Boustiflor	1 	6.4 	65	90	50	85	45	55	4
193	189	Cotovol	0.8 	3 	75	55	70	55	95	110	12
194	784	Ékaïser	1.6 	78.2 	75	110	125	100	105	85	2
195	168	Migalos	1.1 	33.5 	70	90	70	60	60	40	4
196	177	Natu	0.2 	2 	40	50	45	70	45	70	3
197	3	Florizarre	2 	100 	80	82	83	100	100	80	4
198	220	Marcacrin	0.4 	6.5 	50	50	40	30	30	50	15
199	429	Magirêve	0.9 	4.4 	60	60	60	105	105	105	8
201	765	Gouroutan	1.5 	76 	90	60	80	90	110	60	1
202	213	Caratroc	0.6 	20.5 	20	10	230	10	230	5	6
203	698	Amagara	1.3 	25.2 	77	59	50	67	63	46	6
204	345	Lilia	1 	23.8 	66	41	77	61	87	23	12
206	149	Dracolosse	2.2 	210 	91	134	95	100	100	80	3
207	745	Lougaroc	0.8 	2.5 	75	115	65	55	65	112	6
208	763	Sucreine	1.2 	21.4 	72	120	98	50	98	72	12
209	546	Doudouvet	0.3 	0.6 	40	27	60	37	50	66	12
210	609	Lugulabre	1 	34.3 	60	55	90	145	90	80	8
212	356	Téraclope	1.6 	30.6 	40	70	130	60	130	25	8
213	693	Gamblast	1.3 	35.3 	71	73	88	120	89	59	11
214	540	Larveyette	0.3 	2.5 	45	53	70	40	60	42	12
215	608	Mélancolux	0.6 	13 	60	40	60	95	60	55	8
216	260	Laggron	1.5 	81.9 	100	110	90	85	90	60	5
217	238	Lippouti	0.4 	6 	45	30	15	85	65	65	15
218	464	Rhinastoc	2.4 	282.8 	115	140	130	55	55	40	6
219	407	Roserade	0.9 	14.5 	60	70	65	125	105	90	4
220	98	Krabby	0.4 	6.5 	30	105	90	25	25	50	11
221	656	Grenousse	0.3 	7 	41	56	40	62	44	71	11
222	494	Victini	0.4 	4 	100	100	100	100	100	100	14
223	496	Lianaja	0.8 	16 	60	60	75	60	75	83	12
224	254	Jungko	1.7 	52.2 	70	85	65	105	85	120	12
225	566	Arkéapti	0.5 	9.5 	55	112	45	74	45	70	3
226	21	Piafabec	0.3 	2 	40	60	30	31	31	70	3
227	209	Snubbull	0.6 	7.8 	60	80	50	40	40	30	18
228	216	Teddiursa	0.6 	8.8 	60	80	50	50	50	40	1
229	293	Chuchmur	0.6 	16.3 	64	51	23	51	23	28	1
230	255	Poussifeu	0.4 	2.5 	45	60	40	70	50	45	10
231	318	Carvanha	0.8 	20.8 	45	90	20	65	20	65	11
232	727	Félinferno	1.8 	83 	95	115	90	80	90	60	17
233	695	Iguolta	1 	21 	62	55	52	109	94	109	13
234	514	Flamoutan	1 	28 	75	98	63	98	63	101	10
235	677	Psystigri	0.3 	3.5 	62	48	54	63	60	68	14
236	549	Fragilady	1.1 	16.3 	70	60	75	110	75	90	12
237	227	Airmure	1.7 	50.5 	65	80	140	40	70	70	3
238	166	Coxyclaque	1.4 	35.6 	55	35	50	55	110	85	7
239	783	Écaïd	1.2 	47 	55	75	90	65	70	65	16
240	558	Crabaraque	1.4 	200 	70	95	125	65	75	45	7
241	786	Tokopiyon	1.2 	18.6 	70	85	75	130	115	95	14
242	31	Nidoqueen	1.3 	60 	90	92	87	75	85	76	4
243	532	Charpenti	0.6 	12.5 	75	80	55	25	35	35	2
244	349	Barpau	0.6 	7.4 	20	15	20	10	55	80	11
247	781	Sinistrail	3.9 	210 	70	131	100	86	90	40	8
248	226	Démanta	2.1 	220 	65	40	70	80	140	70	3
249	491	Darkrai	1.5 	50.5 	70	90	90	135	90	125	17
250	72	Tentacool	0.9 	45.5 	40	40	35	50	100	70	11
251	146	Sulfura	2 	60 	90	100	90	125	85	90	10
252	658	Amphinobi	1.5 	40 	72	95	67	103	71	122	17
253	605	Lewsor	0.5 	9 	55	55	55	85	55	30	14
254	414	Papilord	0.9 	23.3 	70	94	50	94	50	66	7
255	580	Couaneton	0.5 	5.5 	62	44	50	44	50	55	3
256	383	Groudon	3.5 	950 	100	150	140	100	90	90	5
257	633	Solochi	0.8 	17.3 	52	65	50	45	50	38	16
258	770	Trépassable	1.3 	250 	85	75	110	100	75	35	5
259	357	Tropius	2 	100 	99	68	83	72	87	51	12
260	529	Rototaupe	0.3 	8.5 	60	85	40	30	45	68	5
261	442	Spiritomb	1 	108 	50	92	108	92	108	35	17
262	170	Loupio	0.5 	12 	75	38	38	56	56	67	11
263	310	Élecsprint	1.5 	40.2 	70	75	60	105	60	105	13
264	646	Kyurem	3 	325 	125	130	90	130	90	95	16
265	256	Galifeu	0.9 	19.5 	60	85	60	85	60	55	2
267	392	Simiabraz	1.2 	55 	76	104	71	104	71	108	10
269	158	Kaiminus	0.6 	9.5 	50	65	64	44	48	43	11
270	758	Malamandre	0.6 	22.2 	68	64	60	111	60	117	18
271	118	Poissirène	0.6 	15 	45	67	60	35	50	63	11
272	2	Herbizarre	1 	13 	60	62	63	80	80	60	12
273	477	Noctunoir	2.2 	106.6 	45	100	135	65	135	45	8
274	715	Bruyverne	1.5 	85 	85	70	80	97	80	123	16
276	346	Vacilys	1.5 	60.4 	86	81	97	81	107	43	12
277	553	Crocodible	1.5 	96.3 	95	117	80	65	70	92	5
278	716	Xerneas	3 	215 	126	131	95	131	98	99	18
279	141	Kabutops	1.3 	40.5 	60	115	105	65	70	80	11
280	772	Type: 0	1.9 	120.5 	95	95	95	95	95	59	1
281	708	Brocélôme	0.4 	7 	43	70	48	50	60	38	12
282	530	Minotaupe	0.7 	40.4 	110	135	60	50	65	88	5
283	404	Luxio	0.9 	30.5 	60	85	49	60	49	60	13
284	637	Pyrax	1.6 	46 	85	60	65	135	105	100	10
285	366	Coquiperl	0.4 	52.5 	35	64	85	74	55	32	11
286	707	Trousselin	0.2 	3 	57	80	91	80	87	75	18
287	62	Tartard	1.3 	54 	90	95	95	70	90	70	11
288	95	Onix	8.8 	210 	35	45	160	30	45	70	5
289	632	Fermite	0.3 	33 	58	109	112	48	48	109	7
294	640	Viridium	2 	200 	91	90	72	90	129	108	12
295	147	Minidraco	1.8 	3.3 	41	64	45	50	50	50	16
296	524	Nodulithe	0.4 	18 	55	75	85	25	25	15	6
297	732	Piclairon	0.6 	14.8 	55	85	50	40	50	75	1
298	598	Noacier	1 	110 	74	94	131	54	116	20	9
299	99	Krabboss	1.3 	60 	55	130	115	50	50	75	11
301	734	Manglouton	0.4 	6 	48	70	30	30	30	45	1
303	797	Bamboiselle	9.2 	999.9 	97	101	103	107	101	61	3
304	551	Mascaïman	0.7 	15.2 	50	72	35	35	35	65	17
305	556	Maracachi	1 	28 	75	86	67	106	67	60	12
306	560	Baggaïd	1.1 	30 	65	90	115	45	115	58	17
307	451	Rapion	0.8 	12 	40	50	90	30	55	65	4
308	738	Lucanon	1.5 	45 	77	70	90	145	75	43	7
309	462	Magnézone	1.2 	180 	70	70	115	130	90	60	9
310	675	Pandarbare	2.1 	136 	95	124	78	69	71	58	17
311	648	Meloetta	0.6 	6.5 	100	77	77	128	128	90	14
312	339	Barloche	0.4 	1.9 	50	48	43	46	41	60	11
314	725	Flamiaou	0.4 	4.3 	45	65	40	60	40	70	18
315	636	Pyronille	1.1 	28.8 	55	85	55	50	55	60	7
316	401	Crikzik	0.3 	2.2 	37	25	41	25	41	25	7
317	595	Statitik	0.1 	0.6 	50	47	50	57	50	65	7
318	82	Magnéton	1 	60 	50	60	95	120	70	70	13
319	111	Rhinocorne	1 	115 	80	85	95	30	30	25	5
322	321	Wailord	14.5 	398 	170	90	45	90	45	60	11
323	332	Cacturne	1.3 	77.4 	70	115	60	115	60	55	12
324	28	Sablaireau	1 	29.5 	75	100	110	45	55	65	5
325	635	Trioxhydre	1.8 	160 	92	105	90	125	90	98	16
326	128	Tauros	1.4 	88.4 	75	100	95	40	70	110	1
327	40	Grodoudou	1 	12 	140	70	45	85	50	45	1
328	487	Giratina	4.5 	750 	150	100	120	100	120	90	16
330	75	Gravalanch	1 	105 	55	95	115	45	45	35	6
331	64	Kadabra	1.3 	56.5 	40	35	30	120	70	105	14
333	427	Laporeille	0.4 	5.5 	55	66	44	44	56	85	1
335	299	Tarinor	1 	97 	30	45	135	45	90	30	6
338	92	Fantominus	1.3 	0.1 	30	35	30	100	35	80	4
341	405	Luxray	1.4 	42 	80	120	79	95	79	70	13
342	300	Skitty	0.6 	11 	50	45	45	35	35	50	1
343	458	Babimanta	1 	65 	45	20	50	60	120	50	3
344	441	Pijako	0.5 	1.9 	76	65	45	92	42	91	3
347	629	Vostourno	0.5 	9 	70	55	75	45	65	60	17
348	696	Ptyranidur	0.8 	26 	58	89	77	45	45	48	16
349	789	Cosmog	0.2 	0.1 	43	29	31	29	31	37	14
350	450	Hippodocus	2 	300 	108	112	118	68	72	47	5
352	29	Nidoran ♀	0.4 	7 	55	47	52	40	40	41	4
353	375	Métang	1.2 	202.5 	60	75	100	55	80	50	9
354	257	Braségali	1.9 	52 	80	120	70	110	70	80	10
356	180	Lainergie	0.8 	13.3 	70	55	55	80	60	45	13
357	484	Palkia	4.2 	336 	90	120	100	150	120	100	11
358	469	Yanmega	1.9 	51.5 	86	76	86	116	56	95	3
359	201	Zarbi	0.5 	5 	48	72	48	72	48	48	14
360	722	Brindibou	0.3 	1.5 	68	55	55	50	50	42	3
362	631	Aflamanoir	1.4 	58 	85	97	66	105	66	65	10
363	253	Massko	0.9 	21.6 	50	65	45	85	65	95	12
364	101	Électrode	1.2 	66.6 	60	50	70	80	80	140	13
365	610	Coupenotte	0.6 	18 	46	87	60	30	40	57	16
367	719	Diancie	0.7 	8.8 	50	100	150	100	150	50	18
369	336	Séviper	2.7 	52.5 	73	100	60	100	60	65	4
371	680	Dimoclès	0.8 	4.5 	59	110	150	45	49	35	9
373	309	Dynavolt	0.6 	15.2 	40	45	40	65	40	65	13
375	305	Galegon	0.9 	120 	60	90	140	50	50	40	9
376	139	Amonistar	1 	35 	70	60	125	115	70	55	6
377	497	Majaspic	3.3 	63 	75	75	95	75	95	113	12
378	17	Roucoups	1.1 	30 	63	60	55	50	50	71	1
379	624	Scalpion	0.5 	10.2 	45	85	70	40	40	60	9
380	397	Étourvol	0.6 	15.5 	55	75	50	40	40	80	3
381	663	Flambusard	1.2 	24.5 	78	81	71	74	69	126	10
383	269	Papinox	1.2 	31.6 	60	50	70	50	90	65	7
384	26	Raichu	0.8 	30 	60	90	55	90	80	110	13
386	642	Fulguris	1.5 	61 	79	115	70	125	80	111	13
387	91	Crustabri	1.5 	132.5 	50	95	180	85	45	70	15
388	740	Crabominable	1.7 	180 	97	132	77	62	67	43	2
389	457	Luminéon	1.2 	24 	69	69	76	69	86	91	11
390	729	Oterlette	0.6 	17.5 	60	69	69	71	81	50	11
391	285	Balignon	0.4 	4.5 	60	40	60	40	60	35	12
393	1	Bulbizarre	0.7 	6.9 	45	49	49	65	65	45	4
394	445	Carchacrok	1.9 	95 	108	130	95	80	85	102	5
395	49	Aéromite	1.5 	12.5 	70	65	60	90	75	90	7
397	129	Magicarpe	0.9 	10 	20	10	55	15	20	80	11
398	678	Mistigrix	0.6 	8.5 	74	48	76	83	81	104	14
401	623	Golemastoc	2.8 	330 	89	124	80	55	80	55	8
402	788	Tokopisco	1.3 	21.2 	70	75	115	95	130	85	11
403	419	Mustéflott	1.1 	33.5 	85	105	55	85	50	115	11
404	188	Floravol	0.6 	1 	55	45	50	45	65	80	3
405	607	Funécire	0.3 	3.1 	50	30	55	65	55	20	8
406	236	Debugant	0.7 	21 	35	35	35	35	35	35	2
408	579	Symbios	1 	20.1 	110	65	75	125	85	30	14
409	481	Créfollet	0.3 	0.3 	80	105	105	105	105	80	14
410	543	Venipatte	0.4 	5.3 	30	45	59	30	39	57	4
411	320	Wailmer	2 	130 	130	70	35	70	35	60	11
412	455	Vortente	1.4 	27 	74	100	72	90	72	46	12
413	176	Togetic	0.6 	3.2 	55	40	85	80	105	40	18
414	106	Kicklee	1.5 	49.8 	50	120	53	35	110	87	2
416	762	Candine	0.7 	8.2 	52	40	48	40	48	62	12
419	461	Dimoret	1.1 	34 	70	120	65	45	85	125	17
420	428	Lockpin	1.2 	33.3 	65	76	84	54	96	105	1
421	161	Fouinette	0.8 	6 	35	46	34	35	45	20	1
422	97	Hypnomade	1.6 	75.6 	85	73	70	73	115	67	14
425	501	Moustillon	0.5 	5.9 	55	55	45	63	45	45	11
426	643	Reshiram	3.2 	330 	100	120	100	150	120	90	16
427	416	Apireine	1.2 	38.5 	70	80	102	80	102	40	7
428	12	Papilusion	1.1 	32 	60	45	50	90	80	70	7
429	485	Heatran	1.7 	430 	91	90	106	130	106	77	10
430	724	Archéduc	1.6 	36.6 	78	107	75	100	100	70	12
431	426	Grodrive	1.2 	15 	150	80	44	90	54	80	3
433	86	Otaria	1.1 	90 	65	45	55	45	70	45	11
434	584	Sorbouboul	1.3 	57.5 	71	95	85	110	95	79	15
435	408	Kranidos	0.9 	31.5 	67	125	40	30	30	58	6
436	792	Lunala	4 	120 	137	113	89	137	107	97	8
439	151	Mew	0.4 	4 	100	100	100	100	100	100	14
440	230	Hyporoi	1.8 	152 	75	95	95	95	95	85	16
441	773	Silvallié	2.3 	100.5 	95	95	95	95	95	95	1
442	90	Kokiyas	0.3 	4 	30	65	100	45	25	40	11
443	107	Tygnon	1.4 	50.2 	50	105	79	35	110	76	2
445	287	Parecool	0.8 	24 	60	60	60	35	35	30	1
446	547	Farfaduvet	0.7 	6.6 	60	67	85	77	75	116	12
447	20	Rattatac	0.7 	18.5 	55	81	60	50	70	97	1
448	488	Cresselia	1.5 	85.6 	120	70	120	75	130	85	14
449	198	Cornèbre	0.5 	2.1 	60	85	42	85	42	91	3
450	759	Nounourson	0.5 	6.8 	70	75	50	45	50	50	2
451	296	Makuhita	1 	86.4 	72	60	30	20	30	25	2
452	687	Sepiatroce	1.5 	47 	86	92	88	68	75	73	14
453	755	Spododo	0.2 	1.5 	40	35	55	65	75	15	6
454	774	Météno	0.3 	40 	60	60	100	60	100	60	3
458	443	Griknot	0.7 	20.5 	58	70	45	40	45	42	5
459	582	Sorbébé	0.4 	5.7 	36	50	50	65	60	44	15
460	748	Prédastérie	0.7 	14.5 	50	63	152	53	142	35	4
461	548	Chlorobule	0.5 	6.6 	45	35	50	70	50	30	12
462	581	Lakmécygne	1.3 	24.2 	75	87	63	87	63	98	11
463	144	Artikodin	1.7 	55.4 	90	85	100	95	125	85	15
464	534	Bétochef	1.4 	87 	105	140	95	55	65	45	2
466	93	Spectrum	1.6 	0.1 	45	50	45	115	55	95	4
468	470	Phyllali	1 	25.5 	65	110	130	60	65	95	12
469	327	Spinda	1.1 	5 	60	60	60	60	60	60	1
473	506	Ponchiot	0.4 	4.1 	45	60	45	25	45	55	1
474	112	Rhinoféros	1.9 	120 	105	130	120	45	45	40	6
475	272	Ludicolo	1.5 	55 	80	70	70	90	100	70	11
476	369	Relicanth	1 	23.4 	100	90	130	45	65	55	6
478	712	Grelaçon	1 	99.5 	55	69	85	32	35	28	15
481	790	Cosmovum	0.1 	999.9 	43	29	131	29	131	37	14
482	796	Câblifère	3.8 	100 	83	89	71	173	71	83	13
484	179	Wattouat	0.6 	7.8 	55	40	40	65	45	35	13
485	779	Denticrisse	0.9 	19 	68	105	70	70	70	92	11
486	521	Déflaisan	1.2 	29 	80	115	80	65	55	93	3
487	297	Hariyama	2.3 	253.8 	144	120	60	40	60	50	2
488	718	Zygarde	5 	305 	108	100	121	81	95	95	5
490	691	Kravarech	1.8 	81.5 	65	75	90	97	123	44	16
492	706	Muplodocus	2 	150.5 	90	100	70	110	150	80	16
494	453	Cradopaud	0.7 	23 	48	61	40	61	40	50	2
496	371	Draby	0.6 	42.1 	45	75	60	40	30	50	16
498	425	Baudrive	0.4 	1.2 	90	50	34	60	44	70	8
499	474	Porygon-Z	0.9 	34 	85	80	70	135	75	90	1
500	172	Pichu	0.3 	2 	20	40	15	35	35	60	13
501	723	Efflèche	0.7 	16 	78	75	75	70	70	52	12
502	102	Noeunoeuf	0.4 	2.5 	60	40	80	60	45	40	14
505	563	Tutankafer	1.7 	76.5 	58	50	145	95	105	30	8
506	518	Mushana	1.1 	60.5 	116	55	85	107	95	29	14
507	594	Mamanbo	1.2 	31.6 	165	75	80	40	45	65	11
508	206	Insolourdo	1.5 	14 	100	70	70	65	65	45	1
509	588	Carabing	0.5 	5.9 	50	75	45	40	45	60	7
510	757	Tritox	0.3 	4.8 	48	44	40	71	40	77	4
511	348	Armaldo	1.5 	68.2 	75	125	100	70	80	45	7
512	483	Dialga	5.4 	683 	100	120	120	150	100	90	9
513	190	Capumain	0.8 	11.5 	55	70	55	40	55	85	1
514	205	Foretress	1.2 	125.8 	75	90	140	60	60	40	9
515	710	Pitrouille	0.4 	5 	49	66	70	44	55	51	8
516	746	Froussardine	0.2 	0.3 	45	20	20	25	25	40	11
517	212	Cizayox	1.8 	118 	70	130	100	55	80	65	7
518	665	Pérégrain	0.3 	8.4 	45	22	60	27	30	29	7
519	362	Oniglali	1.5 	256.5 	80	80	80	80	80	80	15
520	489	Phione	0.4 	3.1 	80	80	80	80	80	80	11
521	664	Lépidonille	0.3 	2.5 	38	35	40	27	25	35	7
522	9	Tortank	1.6 	85.5 	79	83	100	85	105	78	11
523	690	Venalgue	0.5 	7.3 	50	60	60	60	60	30	4
524	148	Draco	4 	16.5 	61	84	65	70	70	70	16
527	224	Octillery	0.9 	28.5 	75	105	75	105	75	45	11
528	250	Ho-Oh	3.8 	199 	106	130	90	110	154	90	3
529	652	Blindépique	1.6 	90 	88	107	122	74	75	64	12
530	199	Roigada	2 	79.5 	95	75	80	100	110	30	14
531	668	Némélios	1.5 	81.5 	86	68	72	109	66	106	1
532	103	Noadkoko	2 	120 	95	95	85	125	65	55	12
534	525	Géolithe	0.9 	102 	70	105	105	50	40	20	6
535	181	Pharamp	1.4 	61.5 	90	75	85	115	90	55	13
538	22	Rapasdepic	1.2 	38 	65	90	65	61	61	100	1
541	486	Regigigas	3.7 	420 	110	160	110	80	110	100	1
542	424	Capidextre	1.2 	20.3 	75	100	66	60	66	115	1
544	347	Anorith	0.7 	12.5 	45	95	50	40	50	75	7
545	702	Dedenne	0.2 	2.2 	67	58	57	81	67	101	18
546	178	Xatu	1.5 	15 	65	75	70	95	70	95	3
547	61	Têtarte	1 	20 	65	65	65	50	50	90	11
548	266	Armulys	0.6 	10 	50	35	55	25	25	15	7
550	280	Tarsal	0.4 	6.6 	28	25	25	45	35	40	14
551	358	Éoko	0.6 	1 	65	50	70	95	80	65	14
552	286	Chapignon	1.2 	39.2 	60	130	80	60	60	70	12
553	218	Limagma	0.7 	35 	40	40	40	70	40	20	10
554	156	Feurisson	0.9 	19 	58	64	58	80	65	80	10
557	517	Munna	0.6 	23.3 	76	25	45	67	55	24	14
558	235	Queulorior	1.2 	58 	55	20	35	20	45	75	1
559	674	Pandespiègle	0.6 	8 	67	82	62	46	48	43	2
560	411	Bastiodon	1.3 	149.5 	60	52	168	47	138	30	9
563	145	Électhor	1.6 	52.6 	90	90	85	125	90	100	3
564	625	Scalproie	1.6 	70 	65	125	100	60	70	70	9
565	197	Noctali	1 	27 	95	65	110	60	130	65	17
566	439	Mime Jr.	0.6 	13 	20	25	45	70	90	60	14
567	380	Latias	1.4 	40 	80	80	90	110	130	110	14
568	104	Osselait	0.4 	6.5 	50	50	95	40	50	35	5
569	591	Gaulet	0.6 	10.5 	114	85	70	85	80	30	12
572	76	Grolem	1.4 	300 	80	120	130	55	65	45	5
573	519	Poichigeon	0.3 	2.1 	50	55	50	36	30	43	1
574	163	Hoothoot	0.7 	21.2 	60	30	30	36	56	50	1
575	752	Tarenbulle	1.8 	82 	68	70	92	50	132	42	11
578	700	Nymphali	1 	23.5 	95	65	65	110	130	60	18
579	268	Blindalys	0.7 	11.5 	50	35	55	25	25	15	7
580	572	Chinchidou	0.4 	5.8 	55	50	40	40	40	75	1
581	641	Boréas	1.5 	63 	79	115	70	125	80	111	3
582	308	Charmina	1.3 	31.5 	60	60	75	60	75	80	14
583	185	Simularbre	1.2 	38 	70	100	115	30	65	30	6
586	123	Insécateur	1.5 	56 	70	110	80	55	80	105	3
587	741	Plumeline	0.6 	3.4 	75	70	70	98	70	93	3
588	38	Feunard	1.1 	19.9 	73	76	75	81	100	100	10
590	694	Galvaran	0.5 	6 	44	38	33	61	43	70	13
591	500	Roitiflam	1.6 	150 	110	123	65	100	65	65	2
593	344	Kaorine	1.5 	108 	60	70	105	70	120	75	5
594	743	Rubombelle	0.2 	0.5 	60	55	60	95	70	124	7
595	373	Drattak	1.5 	102.6 	95	135	80	110	80	100	3
599	432	Chaffreux	1 	43.8 	71	82	64	64	59	112	1
600	229	Démolosse	1.4 	35 	75	90	50	110	80	95	10
601	85	Dodrio	1.8 	85.2 	60	110	70	60	60	100	3
602	32	Nidoran ♂	0.5 	9 	46	57	40	40	40	50	4
604	739	Crabagarre	0.6 	7 	47	82	57	42	47	63	2
605	71	Empiflor	1.7 	15.5 	80	105	65	100	70	70	4
606	505	Miradar	1.1 	27 	60	85	69	60	69	77	1
607	795	Cancrelove	1.8 	25 	71	137	37	137	37	151	7
608	338	Solaroc	1.2 	154 	70	95	85	55	65	70	6
610	394	Prinplouf	0.8 	23 	64	66	68	81	76	50	11
611	493	Arceus	3.2 	320 	120	120	120	120	120	120	1
613	523	Zéblitz	1.6 	79.5 	75	100	63	80	63	116	13
614	670	Floette	0.2 	0.9 	54	45	47	75	98	52	18
615	552	Escroco	1 	33.4 	60	82	45	45	45	74	5
616	512	Feuiloutan	1.1 	30.5 	75	98	63	98	63	101	12
618	550	Bargantua	1 	18 	70	92	65	80	55	98	11
619	47	Parasect	1 	29.5 	60	95	80	60	80	30	7
620	531	Nanméouïe	1.1 	31 	103	60	86	60	86	50	1
621	654	Roussil	1 	14.5 	59	59	58	90	70	73	10
623	302	Ténéfix	0.5 	11 	50	75	75	65	65	50	8
624	326	Groret	0.9 	71.5 	80	45	65	90	110	80	14
625	353	Polichombr	0.6 	2.3 	44	75	35	63	33	45	8
627	19	Rattata	0.3 	3.5 	30	56	35	25	35	72	1
628	704	Mucuscule	0.3 	2.8 	45	50	35	55	75	40	16
629	66	Machoc	0.8 	19.5 	70	80	50	35	35	35	2
631	16	Roucool	0.3 	1.8 	40	45	40	35	35	56	1
632	528	Rhinolove	0.9 	10.5 	67	57	55	77	55	114	14
634	717	Yveltal	5.8 	203 	126	131	95	131	98	99	3
635	589	Lançargot	1 	33 	70	135	105	60	105	20	7
636	117	Hypocéan	1.2 	25 	55	65	95	95	45	85	11
637	679	Monorpale	0.8 	2 	45	80	100	35	37	28	9
638	84	Doduo	1.4 	39.2 	35	85	45	35	35	75	3
639	569	Miasmax	1.9 	107.3 	80	95	82	60	82	75	4
640	613	Polarhume	0.5 	8.5 	55	70	40	60	40	40	15
644	120	Stari	0.8 	34.5 	30	45	55	70	55	85	11
646	791	Solgaleo	3.4 	230 	137	137	107	113	89	97	9
647	736	Larvibule	0.4 	4.4 	47	62	45	55	45	46	7
648	15	Dardargnan	1 	29.5 	65	90	40	45	80	75	7
649	45	Rafflesia	1.2 	18.6 	75	80	85	110	90	50	12
650	237	Kapoera	1.4 	48 	50	95	95	35	110	70	2
651	159	Crocrodil	1.1 	25 	65	80	80	59	63	58	11
652	43	Mystherbe	0.5 	5.4 	45	50	55	75	65	30	12
654	331	Cacnea	0.4 	51.3 	50	85	40	85	40	35	12
656	692	Flingouste	0.5 	8.3 	50	53	62	58	63	44	11
658	619	Kungfouine	0.9 	20 	45	85	50	55	50	65	2
659	314	Lumivole	0.6 	17.7 	65	47	55	73	75	85	7
660	343	Balbuto	0.5 	21.5 	40	40	55	40	70	55	14
662	131	Lokhlass	2.5 	220 	130	85	80	85	95	60	15
664	798	Katagami	0.3 	0.1 	59	181	131	59	31	109	9
666	657	Croâporal	0.6 	10.9 	54	63	52	83	56	97	11
667	194	Axoloto	0.4 	8.5 	55	45	45	25	25	15	11
668	234	Cerfrousse	1.4 	71.2 	73	95	62	85	65	85	1
669	83	Canarticho	0.8 	15 	52	65	55	58	62	60	1
670	728	Otaquin	0.4 	7.5 	50	54	54	66	56	40	11
671	661	Passerouge	0.3 	1.7 	45	50	43	40	38	62	1
674	329	Vibraninf	1.1 	15.3 	50	70	50	50	50	70	5
677	516	Flotoutan	1 	29 	75	98	63	98	63	101	11
678	611	Incisache	1 	36 	66	117	70	40	50	67	16
679	645	Démétéros	1.5 	68 	89	125	90	115	80	101	3
680	771	Concombaffe	0.3 	1.2 	55	60	130	30	130	5	11
681	46	Paras	0.3 	5.4 	35	70	55	45	55	25	12
683	399	Keunotor	0.5 	20 	59	45	40	35	40	31	1
684	223	Rémoraid	0.6 	12 	35	65	35	65	35	65	11
685	578	Méios	0.6 	8 	65	40	50	125	60	30	14
687	77	Ponyta	1 	30 	50	85	55	65	65	90	10
689	447	Riolu	0.7 	20.2 	40	70	40	35	40	60	2
692	96	Soporifik	1 	32.4 	60	48	45	43	90	42	14
693	119	Poissoroy	1.3 	39 	80	92	65	65	80	68	11
694	403	Lixy	0.5 	9.5 	45	65	34	40	34	45	13
695	290	Ningale	0.5 	5.5 	31	45	90	30	30	40	7
696	35	Mélofée	0.6 	7.5 	70	45	48	60	65	35	18
700	688	Opermine	0.5 	31 	42	52	67	39	56	50	6
701	125	Élektek	1.1 	30 	65	83	57	95	85	105	13
702	48	Mimitoss	1 	30 	60	55	50	40	55	45	7
703	130	Léviator	6.5 	235 	95	125	79	60	100	81	3
706	515	Flotajou	0.6 	13.5 	50	53	48	53	48	64	11
708	504	Ratentif	0.5 	11.6 	45	55	39	35	39	42	1
709	79	Ramoloss	1.2 	36 	90	65	65	40	40	15	14
712	298	Azurill	0.2 	2 	50	20	40	20	40	20	18
713	639	Terrakium	1.9 	260 	91	129	90	72	90	108	2
716	573	Pashmilla	0.5 	7.5 	75	95	60	65	60	115	1
717	122	M. Mime	1.3 	54.5 	40	45	65	100	120	90	14
718	214	Scarhino	1.5 	54 	80	125	75	40	95	85	2
719	452	Drascore	1.3 	61.5 	70	90	110	60	75	95	4
720	430	Corboss	0.9 	27.3 	100	125	52	105	52	71	3
721	711	Banshitrouye	0.9 	12.5 	65	90	122	58	75	84	12
722	398	Étouraptor	1.2 	24.9 	85	120	70	50	60	100	1
724	386	Deoxys	1.7 	60.8 	50	150	50	150	50	150	14
725	751	Araqua	0.3 	4 	38	40	52	40	72	27	7
727	415	Apitrini	0.3 	5.5 	30	30	42	30	42	70	7
728	334	Altaria	1.1 	20.6 	75	70	90	70	105	80	16
729	747	Vorastérie	0.4 	8 	50	53	62	43	52	45	11
730	134	Aquali	1 	29 	130	65	60	110	95	65	11
731	42	Nosferalto	1.6 	55 	75	80	70	65	75	90	4
733	596	Mygavolt	0.8 	14.3 	70	77	60	97	60	108	13
736	601	Cliticlic	0.6 	81 	60	100	115	70	85	90	9
737	406	Rozbouton	0.2 	1.2 	40	30	35	50	70	55	12
738	561	Cryptéro	1.4 	14 	72	58	80	103	80	97	14
739	391	Chimpenfeu	0.9 	22 	64	78	52	78	52	81	10
740	800	Necrozma	2.4 	230 	97	107	101	127	89	79	14
741	150	Mewtwo	2 	122 	106	110	90	154	90	130	14
742	382	Kyogre	4.5 	352 	100	100	90	150	140	90	11
743	88	Tadmorv	0.9 	30 	80	80	50	40	50	25	4
745	274	Pifeuil	1 	28 	70	70	40	60	40	60	12
746	355	Skelénox	0.8 	15 	20	40	90	30	90	25	8
748	186	Tarpaud	1.1 	33.9 	90	75	75	90	100	70	11
749	39	Rondoudou	0.5 	5.5 	115	45	20	45	25	20	1
751	655	Goupelin	1.5 	39 	75	69	72	114	100	104	10
752	468	Togekiss	1.5 	38 	85	50	95	120	115	80	18
754	335	Mangriff	1.3 	40.3 	73	115	60	60	60	90	1
755	418	Mustébouée	0.7 	29.5 	55	65	35	60	30	85	11
758	279	Bekipan	1.2 	28 	60	50	100	85	70	65	11
763	155	Héricendre	0.5 	7.9 	39	52	43	60	50	65	10
764	604	Ohmassacre	2.1 	80.5 	85	115	80	105	80	50	13
765	409	Charkos	1.6 	102.5 	97	165	60	65	50	58	6
766	367	Serpang	1.7 	27 	55	104	105	94	75	52	11
769	138	Amonita	0.4 	7.5 	35	40	100	90	55	35	6
770	592	Viskuse	1.2 	33 	55	40	50	65	85	40	8
771	456	Écayon	0.4 	7 	49	49	56	49	61	66	11
773	232	Donphan	1.1 	120 	90	120	120	60	60	50	5
774	509	Chacripan	0.4 	10.1 	41	50	37	50	37	66	17
775	742	Bombydou	0.4 	0.2 	40	45	40	55	40	84	7
777	753	Mimantis	0.3 	1.5 	40	55	35	50	35	35	12
780	492	Shaymin	0.2 	2.1 	100	100	100	100	100	100	12
783	169	Nostenfer	1.8 	75 	85	90	80	70	80	130	3
785	258	Gobou	0.4 	7.6 	50	70	50	50	50	40	11
786	94	Ectoplasma	1.5 	40.5 	60	65	60	130	75	110	8
789	507	Ponchien	0.9 	14.7 	65	80	65	35	65	60	1
790	337	Séléroc	1 	168 	70	55	65	95	85	70	14
791	291	Ninjask	0.8 	12 	61	90	45	50	50	160	3
795	267	Charmillon	1 	28.4 	60	70	50	100	50	65	3
797	438	Manzaï	0.5 	15 	50	80	95	10	45	10	6
800	627	Furaiglon	0.5 	10.5 	70	83	50	37	50	60	3
801	478	Momartik	1.3 	26.6 	70	80	70	80	70	110	8
802	208	Steelix	9.2 	400 	75	85	200	55	65	30	5
803	233	Porygon2	0.6 	32.5 	85	80	90	105	95	60	1
806	574	Scrutella	0.4 	5.8 	45	30	50	55	65	45	14
807	301	Delcatty	1.1 	32.6 	70	65	65	55	55	70	1
808	340	Barbicha	0.9 	23.6 	110	78	73	76	71	60	11
809	448	Lucario	1.2 	54 	70	110	70	115	70	90	9
810	294	Ramboum	1 	40.5 	84	71	43	71	43	48	1
811	124	Lippoutou	1.4 	40.6 	65	50	35	115	95	95	15
812	13	Aspicot	0.3 	3.2 	40	35	30	20	20	50	4
813	385	Jirachi	0.3 	1.1 	100	100	100	100	100	100	9
814	162	Fouinar	1.8 	32.5 	85	76	64	45	55	90	1
815	222	Corayon	0.6 	5 	55	55	85	65	85	35	11
816	465	Bouldeneu	2 	128.6 	100	100	125	110	50	50	12
820	617	Limaspeed	0.8 	25.3 	80	70	40	100	60	145	7
824	323	Camérupt	1.9 	220 	70	100	70	105	75	40	5
826	273	Grainipiot	0.5 	4 	40	40	50	30	30	30	12
827	423	Tritosor	0.9 	29.9 	111	83	68	92	82	39	5
831	243	Raikou	1.9 	178 	90	85	75	115	100	115	13
833	417	Pachirisu	0.4 	3.9 	60	45	70	45	90	95	13
834	319	Sharpedo	1.8 	88.8 	70	120	40	95	40	95	17
836	444	Carmache	1.4 	56 	68	90	65	50	55	82	16
838	361	Stalgamin	0.7 	16.8 	50	50	50	50	50	50	15
840	539	Karaclée	1.4 	51 	75	125	75	30	75	85	2
842	25	Pikachu	0.4 	6 	35	55	40	50	50	90	13
844	697	Rexilius	2.5 	270 	82	121	119	69	59	71	16
845	735	Argouste	0.7 	14.2 	88	110	60	55	60	45	1
848	699	Dragmara	2.7 	225 	123	77	72	99	92	58	6
851	58	Caninos	0.7 	19 	55	70	45	70	50	60	10
852	630	Vaututrice	1.2 	39.5 	110	65	105	55	95	80	3
854	570	Zorua	0.7 	12.5 	40	65	40	80	40	65	17
857	55	Akwakwak	1.7 	76.6 	80	82	78	95	80	85	11
859	14	Coconfort	0.6 	10 	45	25	50	25	25	35	4
865	713	Séracrawl	2 	505 	95	117	184	44	46	28	15
868	292	Munja	0.8 	1.2 	1	90	45	30	30	40	7
870	364	Phogleur	1.1 	87.6 	90	60	70	75	70	45	15
872	315	Rosélia	0.3 	2 	50	60	45	100	80	65	4
874	325	Spoink	0.7 	30.6 	60	25	35	70	80	60	14
875	498	Gruikui	0.5 	9.9 	65	63	45	45	45	45	10
876	754	Floramantis	0.9 	18.5 	70	105	90	80	90	45	12
877	175	Togepi	0.3 	1.5 	35	20	65	40	65	20	18
879	620	Shaofouine	1.4 	35.5 	65	125	60	95	60	105	2
881	5	Reptincel	1.1 	19 	58	64	58	80	65	80	10
886	153	Macronium	1.2 	15.8 	60	62	80	63	80	60	12
888	306	Galeking	2.1 	360 	70	110	180	60	60	50	9
890	684	Sucroquin	0.4 	3.5 	62	48	66	59	57	49	18
892	433	Korillon	0.2 	0.6 	45	30	50	65	50	45	14
893	541	Couverdure	0.5 	7.3 	55	63	90	50	80	42	12
895	463	Coudlangue	1.7 	140 	110	85	95	80	95	50	1
896	108	Excelangue	1.2 	65.5 	90	55	75	60	75	30	1
898	105	Ossatueur	1 	45 	60	80	110	50	80	45	5
899	801	Magearna	1 	80.5 	80	95	115	130	115	65	9
903	322	Chamallot	0.7 	24 	60	60	40	65	45	35	10
904	252	Arcko	0.5 	5 	40	45	35	65	55	70	12
907	466	Élekable	1.8 	138.6 	75	123	67	95	85	95	13
909	264	Linéon	0.5 	32.5 	78	70	61	50	61	100	1
911	526	Gigalithe	1.7 	260 	85	135	130	60	80	25	6
912	195	Maraiste	1.4 	75 	95	85	85	65	65	35	11
913	575	Mesmérella	0.7 	18 	60	45	70	75	85	55	14
915	210	Granbull	1.4 	48.7 	90	120	75	60	60	45	18
917	634	Diamat	1.4 	50 	72	85	70	65	70	58	16
918	312	Négapi	0.4 	4.2 	60	40	50	75	85	95	13
920	583	Sorboul	1.1 	41 	51	65	65	80	75	59	15
922	705	Colimucus	0.8 	17.5 	68	75	53	83	113	60	16
923	606	Neitram	1 	34.5 	75	75	75	125	95	40	14
924	54	Psykokwak	0.8 	19.6 	50	52	48	65	50	55	11
927	67	Machopeur	1.5 	70.5 	80	100	70	50	60	45	2
928	555	Darumacho	1.3 	92.9 	105	140	55	30	55	95	10
929	396	Étourmi	0.3 	2 	40	55	30	30	30	60	3
930	37	Goupix	0.6 	9.9 	38	41	40	50	65	65	10
932	68	Mackogneur	1.6 	130 	90	130	80	65	85	55	2
934	311	Posipi	0.4 	4.2 	60	50	40	85	75	95	13
935	393	Tiplouf	0.4 	5.2 	53	51	53	61	56	40	11
938	511	Feuillajou	0.6 	10.5 	50	53	48	53	48	64	12
941	288	Vigoroth	1.4 	46.5 	80	80	80	55	55	90	1
943	63	Abra	0.9 	19.5 	25	20	15	105	55	90	14
945	354	Branette	1.1 	12.5 	64	115	65	83	63	65	8
946	513	Flamajou	0.6 	11 	50	53	48	53	48	64	10
948	381	Latios	2 	60 	80	90	80	130	110	110	16
951	114	Saquedeneu	1 	35 	65	55	115	100	40	60	12
954	576	Sidérella	1.5 	44 	70	55	95	95	110	65	14
955	676	Couafarel	1.2 	28 	75	80	60	65	90	102	1
957	522	Zébibron	0.8 	29.8 	45	60	32	50	32	76	13
960	10	Chenipan	0.3 	2.9 	45	30	35	20	20	45	7
965	359	Absol	1.2 	47 	65	130	60	75	60	75	17
968	50	Taupiqueur	0.2 	0.8 	10	55	25	35	45	95	5
972	174	Toudoudou	0.3 	1 	90	30	15	40	20	15	1
973	590	Trompignon	0.2 	1 	69	55	45	55	55	15	4
974	341	Écrapince	0.6 	11.5 	43	80	65	50	35	35	11
975	4	Salamèche	0.6 	8.5 	39	52	43	60	50	65	10
976	766	Quartermac	2 	82.8 	100	120	90	40	60	80	2
978	11	Chrysacier	0.7 	9.9 	50	20	55	25	25	30	7
979	140	Kabuto	0.5 	11.5 	30	80	90	55	45	55	11
982	628	Gueriaigle	1.5 	41 	100	123	75	57	75	80	3
984	389	Torterra	2.2 	310 	95	109	105	75	85	56	12
988	671	Florges	1.1 	10 	78	65	68	112	154	75	18
989	192	Héliatronc	0.8 	8.5 	75	75	55	105	85	30	12
992	44	Ortide	0.8 	8.6 	60	65	70	85	75	40	4
999	649	Genesect	1.5 	82.5 	71	120	95	120	95	99	9
1005	750	Bourrinos	2.5 	920 	100	125	100	55	85	35	5
1008	787	Tokotoro	1.9 	45.5 	70	130	115	85	95	75	12
1009	360	Okéoké	0.6 	14 	95	23	48	23	48	23	14
1014	193	Yanma	1.2 	38 	65	65	45	75	45	95	3
1016	495	Vipélierre	0.6 	8.1 	45	45	55	45	55	63	12
1019	703	Strassie	0.3 	5.7 	50	50	150	50	150	50	18
1022	259	Flobio	0.7 	28 	70	85	70	60	70	50	5
1023	612	Tranchodon	1.8 	105.5 	76	147	90	60	70	97	16
1024	681	Exagide	1.7 	53 	60	50	150	50	150	60	9
1025	669	Flabébé	0.1 	0.1 	44	38	39	61	79	42	18
1026	240	Magby	0.7 	21.4 	45	75	37	70	55	83	10
1027	761	Croquine	0.3 	3.2 	42	30	38	30	38	32	12
1031	244	Entei	2.1 	198 	115	115	85	90	75	100	10
1032	365	Kaimorse	1.4 	150.6 	110	80	90	95	90	65	15
1034	109	Smogo	0.6 	1 	40	65	95	60	45	35	4
1035	614	Polagriffe	2.6 	260 	95	110	80	70	80	50	15
1037	503	Clamiral	1.5 	94.6 	95	100	85	108	70	70	11
1040	52	Miaouss	0.4 	4.2 	40	45	35	40	40	90	1
1041	626	Frison	1.6 	94.6 	95	110	95	40	95	55	1
1044	599	Tic	0.3 	21 	40	55	70	45	60	30	9
1049	782	Bébécaille	0.6 	29.7 	45	55	65	45	45	45	16
1052	388	Boskara	1.1 	97 	75	89	85	55	65	36	12
1053	24	Arbok	3.5 	65 	60	85	69	65	79	80	4
1061	137	Porygon	0.8 	36.5 	65	60	70	85	75	40	1
1068	535	Tritonde	0.5 	4.5 	50	50	40	50	40	64	11
1077	53	Persian	1 	32 	65	70	60	65	65	115	1
1080	239	Élekid	0.6 	23.5 	45	63	37	65	55	95	13
1082	65	Alakazam	1.5 	48 	55	50	45	135	95	120	14
1086	568	Miamiasme	0.6 	31 	50	50	62	40	62	65	4
1087	110	Smogogo	1.2 	9.5 	65	90	120	85	70	60	4
1088	490	Manaphy	0.3 	1.4 	100	100	100	100	100	100	11
1091	60	Ptitard	0.6 	12.4 	40	50	40	40	40	90	11
1092	533	Ouvrifier	1.2 	40 	85	105	85	40	50	40	2
1098	242	Leuphorie	1.5 	46.8 	255	10	10	75	135	55	1
1099	245	Suicune	2 	187 	100	75	115	90	115	85	11
1100	59	Arcanin	1.9 	155 	90	110	80	100	80	95	10
1106	379	Registeel	1.9 	205 	80	75	150	75	150	50	9
1107	248	Tyranocif	2 	202 	100	134	110	95	100	61	17
1109	154	Méganium	1.8 	100.5 	80	82	100	83	100	80	12
1111	733	Bazoucan	1.1 	26 	80	120	75	75	75	60	3
1113	508	Mastouffe	1.2 	61 	85	110	90	45	90	80	1
1114	265	Chenipotte	0.3 	3.6 	45	45	35	20	30	20	7
1115	621	Drakkarmin	1.6 	139 	77	120	90	60	90	48	16
1116	412	Cheniti	0.2 	3.4 	40	29	45	29	45	36	7
1118	157	Typhlosion	1.7 	79.5 	78	84	78	109	85	100	10
1122	295	Brouhabam	1.5 	84 	104	91	63	91	73	68	1
1124	116	Hypotrempe	0.4 	8 	30	40	70	70	25	60	11
1125	126	Magmar	1.3 	44.5 	65	95	57	100	85	93	10
1127	350	Milobellus	6.2 	162 	95	60	79	100	125	81	11
1128	352	Kecleon	1 	22 	60	90	70	60	120	40	1
1137	262	Grahyèna	1 	37 	70	90	70	60	60	70	17
1139	659	Sapereau	0.4 	5 	38	36	38	32	36	57	1
1141	402	Mélokrik	1 	25.5 	77	85	51	55	51	65	7
1143	479	Motisma	0.3 	0.3 	50	50	77	95	77	91	8
1144	33	Nidorino	0.9 	19.5 	61	72	57	55	55	65	4
1148	27	Sabelette	0.6 	12 	50	75	85	20	30	40	5
1149	749	Tiboudet	1 	110 	70	100	70	45	55	45	5
1150	7	Carapuce	0.5 	9 	44	48	65	50	64	43	11
1155	36	Mélodelfe	1.3 	40 	95	70	73	95	90	60	18
1158	78	Galopa	1.7 	95 	65	100	70	80	80	105	10
1162	775	Dodoala	0.4 	19.9 	65	115	65	75	95	65	1
1170	231	Phanpy	0.5 	33.5 	90	60	60	40	40	40	5
1171	324	Chartor	0.5 	80.4 	70	85	140	85	70	20	10
1173	289	Monaflémit	2 	130.5 	150	160	100	95	65	100	1
1175	270	Nénupiot	0.5 	2.6 	40	30	30	40	50	30	11
1176	471	Givrali	0.8 	25.9 	65	60	110	130	95	65	15
1184	202	Qulbutoké	1.3 	28.5 	190	33	58	33	58	33	14
1185	23	Abo	2 	6.9 	35	60	44	40	54	55	4
1186	351	Morphéo	0.3 	0.8 	70	70	70	70	70	70	1
1195	241	Écrémeuh	1.2 	75.5 	95	80	105	40	70	100	1
1197	480	Créhelf	0.3 	0.3 	75	75	130	75	130	95	14
1199	502	Mateloutre	0.8 	24.5 	75	75	60	83	60	60	11
